order_item_id,order_id,product_id,quantity,unit_price
OI0001,O0001,P009,3,189.00
OI0002,O0001,P014,1,64.50
OI0003,O0002,P012,1,149.00
OI0004,O0002,P002,2,89.00
OI0005,O0003,P015,2,14.50
OI0006,O0003,P005,3,34.90
OI0007,O0004,P003,3,39.50
OI0008,O0004,P008,1,6.75
OI0009,O0004,P013,2,18.00
OI0010,O0005,P006,1,29.99
OI0011,O0005,P011,2,59.99
OI0012,O0006,P009,2,189.00
OI0013,O0006,P014,3,64.50
OI0014,O0007,P012,3,149.00
OI0015,O0007,P002,1,89.00
OI0016,O0008,P015,1,14.50
OI0017,O0008,P005,2,34.90
OI0018,O0008,P010,3,349.00
OI0019,O0009,P003,2,39.50
OI0020,O0009,P008,3,6.75
OI0021,O0010,P006,3,29.99
OI0022,O0010,P011,1,59.99
OI0023,O0011,P009,1,189.00
OI0024,O0011,P014,2,64.50
OI0025,O0012,P012,2,149.00
OI0026,O0012,P002,3,89.00
OI0027,O0012,P007,1,9.50
OI0028,O0013,P015,3,14.50
OI0029,O0013,P005,1,34.90
OI0030,O0014,P003,1,39.50
OI0031,O0014,P008,2,6.75
OI0032,O0015,P006,2,29.99
OI0033,O0015,P011,3,59.99
OI0034,O0016,P009,3,189.00
OI0035,O0016,P014,1,64.50
OI0036,O0016,P004,2,219.00
OI0037,O0017,P012,1,149.00
OI0038,O0017,P002,2,89.00
OI0039,O0018,P015,2,14.50
OI0040,O0018,P005,3,34.90
OI0041,O0019,P003,3,39.50
OI0042,O0019,P008,1,6.75
OI0043,O0020,P006,1,29.99
OI0044,O0020,P011,2,59.99
OI0045,O0020,P999,3,24.99
OI0046,O0021,P009,2,189.00
OI0047,O0021,P014,3,64.50
OI0048,O0022,P012,3,149.00
OI0049,O0022,P002,1,89.00
OI0050,O0023,P015,1,14.50
OI0051,O0023,P005,2,34.90
OI0052,O0024,P003,2,39.50
OI0053,O0024,P008,3,6.75
OI0054,O0024,P013,1,18.00
OI0055,O0025,P006,3,29.99
OI0056,O0025,P011,1,59.99
OI0057,O0026,P009,1,189.00
OI0058,O0026,P014,2,64.50
OI0059,O0027,P012,2,149.00
OI0060,,P002,3,89.00
OI0061,O0028,P015,3,14.50
OI0062,O0028,P005,1,34.90
OI0063,O0028,P010,2,349.00
OI0064,O0029,P003,1,39.50
OI0065,O0029,P008,2,6.75
OI0066,O0030,P006,2,29.99
OI0067,O0030,P011,3,59.99
OI0068,O0031,P009,3,189.00
OI0069,O0031,P014,1,64.50
OI0070,O0032,P012,1,149.00
OI0071,O0032,P002,2,89.00
OI0072,O0032,P007,3,9.50
OI0073,O0033,P015,2,14.50
OI0074,O0033,P005,3,34.90
OI0075,O0034,P003,0,39.50
OI0076,O0034,P008,1,6.75
OI0077,O0035,P006,1,29.99
OI0078,O0035,P011,2,59.99
OI0079,O0036,P009,2,189.00
OI0080,O0036,P014,3,64.50
OI0081,O0036,P004,1,219.00
OI0082,O0037,P012,3,149.00
OI0083,O0037,P002,1,89.00
OI0084,O0038,P015,1,14.50
OI0085,O0038,P005,2,34.90
OI0086,O0039,P003,2,39.50
OI0087,O0039,P008,3,6.75
OI0088,O0040,P006,3,29.99
OI0089,O0040,P011,1,59.99
OI0090,O0040,P001,2,24.99
